,sample,XF,XCL,MELTF,MELTCL,MELTCOMP,"T,C",XF_SD,XCL_SD,MELTF_SD,MELTCL_SD,T_SD,MeltWater_calcfromF,MeltWater_calcfromCl,Model_used,MeltWater_Fmean,MeltWater_Fmedian,MeltWater_F1sd,MeltWater_Clmean,MeltWater_Clmedian,MeltWater_Cl1sd
0,Ap1c_1,0.400665,0.17206,600,2500,Rhyolite,950,0.01,0.01,100,100,20,3.04351383272954,2.8905517911762044,rhyolite,3.003497451024964,3.046976441235784,0.19520757601015437,3.0111004987517647,2.904563649530219,0.6901142473856505
1,Ap1c_2,0.400665,0.17206,600,2500,Dacite,950,0.01,0.01,100,100,20,3.047603499173746,2.894300878605955,dacite,3.0074790718127944,3.0509159063152183,0.19008714514491643,3.0100407023824736,2.908116304328614,0.6723373973078286
2,Ap1c_3,0.400665,0.17206,600,2500,Alkali Basalt,950,0.01,0.01,100,100,20,4.296287858544595,4.035510265715972,alkali basalt,4.227563560814476,4.292240510355846,0.3664782511366582,4.274335724720855,4.029977841966279,1.2133568077495547
