,sample,XF,XCL,MELTF,MELTCL,MELTCOMP,"T,C",XF_SD,XCL_SD,MELTF_SD,MELTCL_SD,T_SD,MeltWater_calcfromF,MeltWater_calcfromCl,Model_used
0,Ap1c_1,0.400665,0.17206,600,2500,Rhyolite,950,0.01,0.01,100,100,20,3.04351383272954,2.8905517911762044,rhyolite
1,Ap1c_2,0.400665,0.17206,600,2500,Dacite,950,0.01,0.01,100,100,20,3.047603499173746,2.894300878605955,dacite
2,Ap1c_3,0.400665,0.17206,600,2500,Alkali Basalt,950,0.01,0.01,100,100,20,4.296287858544595,4.035510265715972,alkali basalt
