,sample,gammaCl,Kd_ClF,Kd_OHCl,Kd_OHF,MeltWater_F,gammaOH,gammaF,MeltWater_Cl
0,Ap1,2.3595449349858133,0.11766798541576663,0.08630894103892338,0.010155799215418298,2.4547590771749785,1.25749503915476,1.1397240752629672,2.2881768528232436
1,Ap2,2.572133913166826,0.11107389744737196,0.11587810090468766,0.012871032296283497,0.9432273762140181,1.3529879982192987,1.0785082859492356,0.9871789581151248
2,Ap3,3.3936504948152475,0.062026391004064575,0.052529579561602355,0.003258220241167067,1.8722573609427269,1.5696494679533313,1.0448854201447293,1.1459758012858487
