,Kd_OHF,gammaCl,gammaF,Kd_OHCl,gammaOH,sample,Kd_ClF,MeltWater_F,MeltWater_Cl
0,0.010155799215418298,2.3595449349858133,1.1397240752629672,0.08630894103892338,1.25749503915476,Ap1,0.11766798541576663,2.4547590771749785,2.2881768528232436
1,0.012871032296283497,2.572133913166826,1.0785082859492356,0.11587810090468766,1.3529879982192987,Ap2,0.11107389744737196,0.9432273762140181,0.9871789581151248
2,0.003258220241167067,3.3936504948152475,1.0448854201447293,0.052529579561602355,1.5696494679533313,Ap3,0.062026391004064575,1.8722573609427269,1.1459758012858487
