,MeltWater_calcfromF,MeltWater_calcfromCl,sample,MeltWater_Fmedian,MeltWater_F1sd,"MeltWater_F_error,100%",MeltWater_Clmedian,MeltWater_Cl1sd,"MeltWater_Cl_error,100%"
0,4.327076530132149,3.3731299430193364,Ap1,4.364327503537414,0.7756424039425451,17.772323532408247,3.4253966222409553,1.1321819773690516,33.052580539661946
1,1.4654389777629047,1.3368403714574024,Ap2,1.461195925916657,0.24566532832319155,16.812620673649736,1.32991756071866,0.4165574965547525,31.32205400232879
2,0.673664893178862,0.5901605443126956,Ap3,0.6739292554809689,0.1632141819664064,24.218296006444167,0.5904992748633111,0.21279029192882876,36.03565677165065
