,MeltWater_calcfromF,MeltWater_calcfromCl,sample,MeltWater_Fmedian,MeltWater_F1sd,"MeltWater_F_error,100%",MeltWater_Clmedian,MeltWater_Cl1sd,"MeltWater_Cl_error,100%"
0,1.1015002516077284,1.0909830938148435,Ap1,1.092121812382671,0.31626447269431823,28.95871770973306,1.0765077287472982,0.5065303043049043,47.053104290699274
1,1.9370907166823201,3.1814789567510973,Ap2,1.9091985582212192,0.27765473256842577,14.542999279609441,3.0596786783856533,1.312879735470244,42.90907227431297
2,0.7448086696388488,0.5681500144771724,Ap3,0.7491408318659598,0.1745855478649696,23.30477000300624,0.5728632720436784,0.19577516099284686,34.17484948798041
