,MeltWater_calcfromF,MeltWater_calcfromCl,sample,MeltWater_Fmedian,MeltWater_F1sd,"MeltWater_F_error,100%",MeltWater_Clmedian,MeltWater_Cl1sd,"MeltWater_Cl_error,100%"
0,4.327076530132149,3.3731299430193364,Ap1,4.346498606843621,0.8113013717398452,18.665630548286387,3.40028429799228,1.203161374982391,35.38414054650682
1,1.4654389777629047,1.3368403714574024,Ap2,1.4662965877232188,0.23607456845026908,16.1000557749938,1.3382439476316728,0.3999399644719813,29.885430468769624
2,0.673664893178862,0.5901605443126956,Ap3,0.6768668334961083,0.17735348385385313,26.202123531123323,0.5942722324708125,0.23441090566865136,39.44503762089614
