,SI,TI,AL,FE,CA,MG,MN,K,NA,P,S,C,XF,XCL,XOH,CE,SR,"stoi,(Ca/P-5/3)/(5/3)*100%",sample
0,0.01674198880136748,0.012593698349645148,0.019730456790626877,0.014001373708047857,9.685515176186257,0.024959272634892265,0.014179006021795294,0.02135581076828361,0.032457524594584,5.669204943982855,0.025127621463556286,0.00228552303382449,0.7941825617324124,0.07092902484882506,0.1348884134187625,0.012257600380040921,0.009707186712856187,3.6565992839557637,Ap1
1,0.016840708743165716,0.012667957697375685,0.019846798377587217,0.014083933481199835,9.742626282030562,0.0251064461858411,0.01426261321242453,0.0214817363331082,0.03264891194867364,5.702633683468486,0.025275787691466305,0.0022989997302644764,0.6657212478217418,0.05707780900287118,0.277200943175387,0.012329877909936584,0.009764425605958272,3.6565992839557904,Ap2
2,0.016748948384164467,0.01259893350345062,0.019738658668509244,0.014007194027291218,9.689541409007214,0.02496964811217373,0.014184900182134214,0.021364688299800448,0.03247101706746051,5.671561611501204,0.025138066922822912,0.0022864731172928905,0.7415451871190869,0.11353361565121158,0.14492119722970154,0.01226269581916404,0.009711221954454749,3.6565992839557904,Ap3
