,SI,TI,AL,FE,CA,MG,MN,K,NA,P,S,C,XF,XCL,XOH,CE,SR,OXYGEN NUMBER,"stoi,(Ca/P-5/3)/(5/3)*100%",sample
0,0.017342102969967636,0.013045117646621451,0.020437692162331416,0.014503250924772487,10.032691067675712,0.025853934154730907,0.014687250443130188,0.022121306718379096,0.03362095987207665,5.872416775739921,0.026028317422824267,0.0023674472766090785,0.8226499208619239,0.0734714654920356,0.1038786136460405,0.012696972293878325,0.010055139417445043,25.89612138635396,3.656599283955777,Ap1
1,0.017342102969967636,0.013045117646621451,0.020437692162331416,0.014503250924772487,10.032691067675712,0.025853934154730907,0.014687250443130188,0.022121306718379096,0.03362095987207665,5.872416775739921,0.026028317422824267,0.0023674472766090785,0.68554160071827,0.058777172393628487,0.2556812268881015,0.012696972293878325,0.010055139417445043,25.7443187731119,3.656599283955777,Ap2
2,0.017342102969967636,0.013045117646621451,0.020437692162331416,0.014503250924772487,10.032691067675712,0.025853934154730907,0.014687250443130188,0.022121306718379096,0.03362095987207665,5.872416775739921,0.026028317422824267,0.0023674472766090785,0.7678065928044622,0.11755434478725697,0.11463906240828085,0.012696972293878325,0.010055139417445043,25.88536093759172,3.656599283955777,Ap3
