,MeltWater_calcfromF,MeltWater_calcfromCl,sample,MeltWater_Fmedian,MeltWater_F1sd,"MeltWater_F_error,100%",MeltWater_Clmedian,MeltWater_Cl1sd,"MeltWater_Cl_error,100%"
0,1.1015002516077284,1.0909830938148435,Ap1,1.118536332169695,0.32463440840285057,29.02314382342296,1.117636592952557,0.5381027408828416,48.14648556390671
1,1.9370907166823201,3.1814789567510973,Ap2,1.9350445492130222,0.28791839824917664,14.879161224803447,3.1723342632189593,1.380187458756747,43.50699971182338
2,0.7448086696388488,0.5681500144771724,Ap3,0.7473952787291422,0.17909232055425922,23.962195862246364,0.5709611513923557,0.20064273534394764,35.14122368127092
