,MeltWater_calcfromF,MeltWater_calcfromCl,sample,MeltWater_Fmedian,MeltWater_F1sd,"MeltWater_F_error,100%",MeltWater_Clmedian,MeltWater_Cl1sd,"MeltWater_Cl_error,100%"
0,4.327076530132149,3.3731299430193364,Ap1,4.290550924599762,0.7790266419724337,18.1567974757252,3.3226235049528103,1.1117309031133422,33.45943052097717
1,1.4654389777629047,1.3368403714574024,Ap2,1.4685470015865802,0.23677763693767395,16.12325902282089,1.3419341085288565,0.40159067944458604,29.926259187557598
2,0.673664893178862,0.5901605443126956,Ap3,0.6863782598849355,0.18084108039395358,26.347145730441664,0.6065997042840845,0.24243821392834006,39.96675438779982
