,MeltWater_calcfromF,MeltWater_calcfromCl,sample,MeltWater_Fmedian,MeltWater_F1sd,"MeltWater_F_error,100%",MeltWater_Clmedian,MeltWater_Cl1sd,"MeltWater_Cl_error,100%"
0,4.327076530132149,3.3731299430193364,Ap1,4.3058667892122156,0.8062931099478527,18.72545411687873,3.343714461785023,1.1845566895511577,35.426370974236505
1,1.4654389777629047,1.3368403714574024,Ap2,1.443519538039069,0.24623430013033198,17.057912528487552,1.3014533769162937,0.41554899218806257,31.9296103539781
2,0.673664893178862,0.5901605443126956,Ap3,0.6859674472652293,0.1757232843097118,25.616854707941904,0.6060636368683197,0.23401744811379332,38.61268584319284
