,MeltWater_calcfromF,MeltWater_calcfromCl,sample,MeltWater_Fmedian,MeltWater_F1sd,"MeltWater_F_error,100%",MeltWater_Clmedian,MeltWater_Cl1sd,"MeltWater_Cl_error,100%"
0,1.1015002516077284,1.0909830938148435,Ap1,1.120744656395466,0.32165297966296486,28.69993426490774,1.1211299194734603,0.5303366781313423,47.30376639849336
1,1.9370907166823201,3.1814789567510973,Ap2,1.9382876155281485,0.28659097630280417,14.78578173883205,3.1868456535403613,1.4216079241488817,44.60862177525213
2,0.7448086696388488,0.5681500144771724,Ap3,0.7460572278591889,0.17462998739372954,23.40704987133899,0.569505888572376,0.19345795985302125,33.96943977839757
