,sample,XF,XCL,MELTF,MELTCL,MELTCOMP,"T,C",XF_SD,XCL_SD,MELTF_SD,MELTCL_SD,T_SD,sample,Model_used,MeltWater_calcfromF,MeltWater_calcfromCl,MC_MeltWater_Fmedian,MC_MeltWater_F1sd,MC_MeltWater_Clmedian,MC_MeltWater_Cl1sd
0,Ap1,0.8259331759098716,0.07376626092851693,800,2000,dacite,900,0.01,0.01,100,100,20,Ap1,dacite,1.101705117639067,1.0911979171266968,1.0867510258686428,0.328593856950203,1.0851532759905145,0.35974188270748586
1,Ap2,0.6923360347240063,0.05936097543260484,800,2000,rhyolite,950,0.01,0.01,100,100,20,Ap2,rhyolite,1.9372265807058475,3.1817378543283494,1.9296072299662679,0.5063214463919238,3.2112760725002296,1.0885403939164442
2,Ap3,0.7711913780398135,0.11807507520511262,800,2000,dacite,950,0.01,0.01,100,100,20,Ap3,dacite,0.7449222013662985,0.5682389553834205,0.741499511409496,0.1993547333869078,0.5711251828327634,0.13870424218604352
