,CA,TI,AL,FE,MG,MN,K,NA,CE,SR,P,SI,S,C,XF,XCL,XOH,"stoi_bias,(Ca/P-5/3)/(5/3)*100%",sample,CAL_H2O(WT%)
0,9.685974099378743,0.012594373449436006,0.019730229955889647,0.014000530466368514,0.02495657325349009,0.01417953034987156,0.021356739374027902,0.03245811274081054,0.012257978833610872,0.009707252802447863,5.669030107624533,0.016740807682505514,0.02512664272819388,0.0022855513265044275,0.7941665152979537,0.07092909704665092,0.13490438765539542,3.4571044624990765,Ap1,0.24161821874072048
1,9.743086868521788,0.012668635422051138,0.019846568081208625,0.014083083760048822,0.025103728200654308,0.014263139105699325,0.02148266811521618,0.03264950006858625,0.012330257275417696,0.009764491040195673,5.702457205867805,0.016839518857512722,0.025274800479882183,0.0022990279437177233,0.6657077256961598,0.057077860992889265,0.277214413310951,3.45710446249905,Ap2,0.4935897574039312
2,9.690000091362833,0.012599608322669388,0.019738430860293442,0.01400634981121213,0.024966946496577262,0.01418542409632814,0.021365616339900816,0.03247160401183526,0.012263073883836996,0.0097112876389619,5.67138644985059,0.01674776602834099,0.025137086660954065,0.002286501319889225,0.7415301711921284,0.11353372615876214,0.14493610264910947,3.4571044624990632,Ap3,0.25947749970680867
