,sample,SIO2,TIO2,AL2O3,FEO,CAO,MGO,MNO,K2O,NA2O,CE2O3,SRO,P2O5,SO3,CO2,F,CL,H2O,TOTAL,CA,TI,AL,FE,MG,MN,K,NA,CE,SR,P,SI,S,C,XF,XCL,XOH,"stoi_bias,(Ca/P-5/3)/(5/3)*100%",sample,CAL_H2O(WT%)
0,Ap1,0.1,0.1,0.1,0.1,54,0.1,0.1,0.1,0.1,0.2,0.1,40,0.2,0.01,3.0,0.5,,98.81000000000002,10.073413063353891,0.013098148387413446,0.020519439154125227,0.014560551685023253,0.02595483618362969,0.01474671156386642,0.022211008948989013,0.03375643725044296,0.012748297986955306,0.010095542914545775,5.895791311929513,0.01741043998980573,0.02613170843732163,0.002376973379564604,0.8259331759098716,0.07376626092851693,0.10030056316161148,3.4571044624990233,Ap1,0.17273233167199922
1,Ap2,0.1,0.1,0.1,0.1,54,0.1,0.1,0.1,0.1,0.2,0.1,40,0.2,0.01,2.5,0.4,,98.21000000000002,10.13281034326266,0.013175380838933184,0.02064043080445697,0.014646407110450777,0.026107877328680484,0.0148336646699273,0.02234197483982483,0.0339554800713297,0.012823467566434406,0.010155070681803501,5.930555494102518,0.01751309961181323,0.026285792499077473,0.0023909890614664323,0.6923360347240063,0.05936097543260484,0.2483029898433889,3.45710446249905,Ap2,0.42510767087793855
2,Ap3,0.1,0.1,0.1,0.1,54,0.1,0.1,0.1,0.1,0.2,0.1,40,0.2,0.01,2.8,0.8,,98.91000000000001,10.077600095017347,0.013103592655576164,0.020527968094705182,0.014566603803660615,0.025965624356440353,0.014752841060181265,0.02222024099349685,0.03377046817230868,0.012753596839190477,0.010099739144520375,5.898241907844613,0.017417676669474632,0.026142570127392226,0.002377961372684794,0.7711913780398135,0.11807507520511262,0.11073354675507385,3.45710446249901,Ap3,0.1906202332806607
