,MeltWater_Fmedian,MeltWater_F1sd,MeltWater_Clmedian,MeltWater_Cl1sd
0,4.330473157304158,1.409071939401551,3.3980387197706556,0.8620922363313186
1,1.4404710066209812,0.3708661801274561,1.332207815875636,0.30428706618273815
2,0.6675447207864638,0.18403023230891113,0.5917931082545269,0.15936922435013398
