,CA,TI,AL,FE,MG,MN,K,NA,CE,SR,P,SI,S,C,XF,XCL,XOH,"stoi_bias,(Ca/P-5/3)/(5/3)*100%",sample,CAL_H2O(WT%),OXYGEN NUMBER
0,10.033159800223777,0.013045808310595399,0.020437443669738885,0.014502367858487925,0.025851120904227573,0.01468778384421957,0.022122253967734297,0.03362154684711774,0.012697355909021773,0.010055201220740034,5.872231785724565,0.017340868036614387,0.026027286378070072,0.002367475016467694,0.8226327547667399,0.07347149164896832,0.10389575358429176,3.457104462499103,Ap1,0.1796416249388791,25.896104246415707
1,10.033159800223778,0.0130458083105954,0.02043744366973889,0.014502367858487927,0.025851120904227576,0.014687783844219572,0.0221222539677343,0.033621546847117746,0.012697355909021775,0.010055201220740035,5.8722317857245665,0.017340868036614387,0.026027286378070075,0.0023674750164676944,0.6855272956389501,0.05877719331917467,0.2556955110418752,3.45710446249909,Ap2,0.44211197771305616,25.744304488958125
2,10.033159800223778,0.0130458083105954,0.02043744366973889,0.014502367858487927,0.025851120904227576,0.014687783844219572,0.0221222539677343,0.033621546847117746,0.012697355909021775,0.010055201220740035,5.8722317857245665,0.017340868036614387,0.026027286378070075,0.0023674750164676944,0.767790571115624,0.11755438663834934,0.11465504224602667,3.45710446249909,Ap3,0.1982450426118873,25.885344957753972
