,SI,TI,AL,FE,CA,MG,MN,K,NA,P,S,C,XF,XCL,XOH,CE,SR,"stoi,(Ca/P-5/3)/(5/3)*100%",sample
0,0.01741166835342218,0.013097446283630954,0.02051967506225195,0.01456142865636977,10.072935783233708,0.025957643540287956,0.014746166262667105,0.022210043199014956,0.03375582557836736,5.89597314174217,0.026132726322098537,0.0023769439551774695,0.8259498642017089,0.07376618584277807,0.10028394995551303,0.012747904395242558,0.010095474181370434,3.656599283955777,Ap1
1,0.017514337092892344,0.013174676005270714,0.020640670312690703,0.014647290820447828,10.132331333311784,0.026110704033274743,0.014833117740921511,0.022341005786432524,0.033954868426620585,5.930739030807225,0.026286819199124956,0.0023909597194750557,0.6923500977346114,0.059360921362986034,0.24828898090240253,0.012823073026334047,0.010155002630196603,3.6565992839557904,Ap2
2,0.01741890631953105,0.013102890843588646,0.020528205015249615,0.014567481788382868,10.077123065367505,0.02596843403666068,0.014752296189419584,0.02221927583179247,0.033769857750158935,5.898424075961253,0.026143589599735832,0.0023779320419846065,0.7712069946038504,0.11807496027726005,0.1107180451188895,0.012753203651930603,0.01009967083263294,3.6565992839558037,Ap3
