,MeltWater_F,MeltWater_Cl,sample
0,2.4547590771749785,2.2881768528232436,Ap1
1,0.9432273762140181,0.9871789581151248,Ap2
2,1.8722573609427269,1.1459758012858487,Ap3
